actor,ga_gender,ga_accuracy
Armie Hammer ,male,86
Mouna Hawa ,female,97
Daniela Vega ,female,97
Alexandra Borbély ,female,98
Kamel El Basha,male,98
John Kerry ,male,99
Hana Sugisaki ,female,98
Dylan O'Brien (II),male,98
Lin Shaye ,female,58
Anthony Sadler ,male,99
Alex Roe ,male,92
Daniel Kaluuya ,male,99
Kumail Nanjiani ,male,98
Saoirse Ronan ,female,97
Fionn Whitehead ,male,83
Anthony Gonzalez (VIII),male,99
Gal Gadot ,male,64
Ansel Elgort ,male,94
Taraji P. Henson,male,66
Josh O'Connor ,male,99
Nahuel Pérez Biscayart,male,99
Harry Dean Stanton,male,98
Jarkko Lahti ,male,99
Menashe Lustig ,male,100
Michaël Dudok De,male,99
Ricardo Darín ,male,99
Rena Nounen ,female,93
Adrian Titieni ,male,98
Dave Johns ,male,99
Bill Skarsgård ,male,97
Adam Sandler ,male,99
Orna Banai ,female,96
Eili Harboe ,female,80
Garance Marillier ,female,96
Charlie Hunnam ,male,85
Saara Chaudry ,female,95
Florence Pugh ,female,97
Adan Jodorowsky ,male,97
Pierre Niney ,male,98
Roland Møller ,male,99
Vince Vaughn ,male,98
Justin Chon ,male,98
Nelly Karim ,female,92
Luke Evans ,male,99
Sherwan Haji ,male,96
Naomie Harris ,female,98
Ginnifer Goodwin ,female,67
Dale Dickey ,male,93
Ellen DeGeneres ,female,99
Auli'i Cravalho ,female,82
Art Parkinson ,male,91
Julian Dennison ,male,95
Anthony Weiner ,male,99
Keegan-Michael Key ,male,99
Anya Taylor-Joy ,female,97
Violett Beane ,female,93
Helen Mirren ,female,98
Ferdia Walsh-Peelo ,male,79
Miki Imai ,male,75
Kwak Do-won ,male,86
Royalty Hightower ,male,59
Narges Rashidi ,female,98
Jan Bijvoet ,male,92
PanteA Bahrami ,female,94
Peter Simonischek ,male,99
Theo Taplitz ,male,97
Sonia Braga ,female,98
Banlop Lomnoi ,,
Krisha Fairchild ,female,93
Paul McCartney ,male,99
Teo Corban ,male,91
Cliff Curtis ,male,99
Elon Musk ,male,90
Iggy Pop ,male,91
Jan Vokes ,male,92
Samantha Robinson (VI),female,98
Sigurður Sigurjónsson ,male,100
Tika Sumpter ,female,86
Gene Tognacci ,male,56
Haruka Ayase ,female,82
Bryce Dallas Howard,male,97
Rolf Lassgård ,male,99
Jane Levy ,female,97
Blake Jenner ,male,96
Eugene Cernan ,male,97
Pilou Asbæk ,male,86
Jae-yeong Jeong ,male,75
Anne Watanabe ,female,98
Max Records ,male,98
Ice Cube ,male,62
Gary D. Brown,male,99
Luci Christian ,female,82
William Genovese ,male,99
Mindy Kaling ,female,98
Maika Monroe ,female,95
Justin Fletcher ,male,98
Géza Röhrig ,male,96
Charlotte Rampling ,female,96
Hugh Bonneville ,male,99
Melissa McCarthy ,female,98
Ibrahim Ahmed ,male,97
Günes Sensoy ,female,69
Amy Winehouse ,female,98
Ronit Elkabetz ,male,76
Kitana Kiki Rodriguez,female,91
Jemaine Clement ,male,60
Seymour Bernstein ,male,95
Chaitanya Tamhane ,male,94
Iris Apfel ,female,97
Ron Davis ,male,99
Kurt Cobain ,male,99
Adi Rukun ,male,92
Alfred Hitchcock ,male,98
Bel Powley ,female,64
Jacir Eid Al-Hwietat,male,95
Laurie Anderson ,female,95
Assa Sylla ,female,50
Vyacheslav Fetisov ,male,100
Lily Tomlin ,female,97
Dick Cavett ,male,98
Sebastião Salgado ,male,100
Desiree Akhavan ,female,98
Paul Haggis ,male,99
Alba Rohrwacher ,female,96
Roy Dupuis ,male,98
Vinícius Garcia ,male,100
Barbara Crampton ,female,98
Chiara D'Anna ,female,99
Herb Alpert ,male,99
Blythe Danner ,female,86
Amy Schumer ,female,98
Tenoch Huerta Mejía,male,100
Janis Joplin ,male,57
Kathleen Cleaver ,female,99
Elisabeth Moss ,female,98
Ian McKellen ,male,99
Maggie Smith ,female,99
Gabriela Paterito ,female,98
Kiernan Shipka ,male,76
Noah Schnapp ,male,96
Fabrizio Ferracane ,male,99
Joséphine Japy ,female,97
Shameik Moore ,,
Anne Dorval ,female,98
Kurt Russell ,male,99
Rinko Kikuchi ,male,59
Zsófia Psotta ,female,98
Ellar Coltrane ,,
Essie Davis ,female,92
Roger Ebert ,male,99
Aleksey Serebryakov ,male,99
Chris Pratt ,male,93
Jack O'Connell ,male,97
Michel Seydoux ,male,97
Mira Barkhammar ,female,80
Glenn Greenwald ,male,98
Macon Blair ,male,69
Angeli Bayani ,female,85
Sheila Vand ,female,98
Jay Reinke ,male,93
Elaine Stritch ,female,98
John Lithgow ,male,99
Melvil Poupaud ,male,94
Lisa Loven Kongsli,female,98
Vivian Maier ,female,93
Nick Cave ,male,98
Sitthiphon Disamoe ,male,100
Savas Dimopoulos ,male,96
Chabbi Lal Gandharba,male,63
Ryan Potter ,male,99
Nicholas Penny ,male,100
Stuart Herrington ,male,99
Pierre Deladonchamps ,male,98
Jenny Slate ,female,98
Tyler James Williams,male,97
Hideaki Anno ,male,99
André Dussollier ,male,99
Lika Babluani ,female,92
Aaron Swartz ,male,99
Tim Jenison ,male,99
Luminita Gheorghiu ,female,99
Jon Favreau ,male,99
Adam Bakri ,male,99
Chris Rock ,male,93
Matt Berninger ,male,100
Dan Stevens (IV),male,97
John Wojtowicz ,male,99
Mark Landis ,male,99
George Takei ,male,99
Carla Juri ,female,98
Adam Winfield ,male,99
Rajesh Tailang ,male,100
Kambozia Partovi ,,
Reese Witherspoon ,male,62
Léa Drucker ,female,98
Héloïse Godet ,female,95
Masaharu Fukuyama ,male,99
Reece Shearsmith ,male,97
Emily Foxler ,female,98
Sandra Bullock ,female,98
Chiwetel Ejiofor ,,
Chris Botti ,male,93
Reem Abdullah ,female,95
John Hargrove ,male,99
Khalid Abdalla ,male,98
Julia Louis-Dreyfus ,female,97
Anwar Congo ,male,96
Bruce Dern ,male,99
Conner Chapman ,male,96
David Kato ,male,99
Alec Baldwin ,male,89
Amalie Ihle Alstrup,female,97
Michael Polley ,male,99
Gregg Allman ,male,99
Bill Blakemore ,male,97
Noriko Shinohara ,female,96
Saskia Rosendahl ,female,98
Ramón Barea ,male,99
Divine  ,female,56
Kevin Pearce [snow],male,99
Ami Ayalon ,female,68
LeRoy Carhart ,male,93
Lake Bell ,male,75
Bobby Sommer ,male,97
Rachel Mwanza ,female,98
Tao Zhao ,male,87
Louis Koo ,male,97
"Bobby Hackney, Sr.",male,97
James Cromwell ,male,99
Cosmina Stratan ,female,97
Bradley Manning ,male,99
Tashiana R. Washington,female,100
Cosimo Rega ,male,99
Tobi Vail ,male,94
Hadas Yaron ,female,93
Amy Seimetz ,female,98
Amy Acker ,female,98
Jude Law ,male,83
Fady Elsayed ,male,96
Barbara Sukowa ,female,98
Patrick Riester ,male,99
Alice Lowe (III),female,98
Bill Sage ,male,97
Toby Jones ,male,94
Ohad Knoller ,male,100
  ,,
  ,,
  ,,
Jiro Ono ,male,95
Kristen Connolly ,female,97
Jared Gilman ,male,99
Gary Bond ,male,99
Peter Staley ,male,99
Amy Ziering Kofman,female,98
Mohamed Fellag ,male,98
Jean-Louis Trintignant ,male,99
  ,,
  ,,
  ,,
Damien Echols ,male,99
Daniel Day-Lewis ,male,99
Evan Osnos ,male,97
Ginger Baker ,female,90
Bill Courtney ,male,97
Alex Gibney ,male,92
Mohamed Nasheed ,male,98
Mirai Shida ,female,66
Anders Danielsen Lie,male,99
Carey Gibson ,female,57
Rita Marley ,female,98
Rodriguez (VIII) ,male,78
James Balog ,male,99
Justus Williams ,male,98
Jamie Foxx ,male,62
Nikolaj Coster-Waldau ,male,99
Emad Burnat ,male,98
Marina Abramovic ,female,98
Diana Vreeland ,female,98
Denis Lavant ,male,97
Michelle Alexander ,female,97
Suraj Sharma ,male,100
Jasna Fritzi Bauer,female,98
Ed Koch ,male,98
Miko Fogarty ,male,72
Koki Maeda ,male,59
Aubrey Plaza ,female,57
Nadezhda Markina ,female,98
Charlie Tahan ,male,85
Muhammet Uzuner ,male,97
Helene Bergsholm ,female,98
Keanu Reeves ,male,98
Ann Dowd ,female,97
Dwight Henry ,male,99
Shlomo Bar-Abba ,male,99
Robert Wieckiewicz ,male,99
Logan Lerman ,male,92
Dane DeHaan ,male,91
Richard Chamberlain ,male,99
Karin Viard ,female,97
János Derzsi ,male,99
Iko Uwais ,male,73
Bob Young II,male,97
Ja'Meya Jackson ,,
Emayatzy E. Corinealdi,,
Dree Hemingway ,male,69
Limara Meneses ,female,91
Romain Duris ,male,99
Stephanie Sigman ,female,98
Jérémie Elkaïm ,male,99
Joel Kinnaman ,male,99
Gina Carano ,female,98
Kelly Macdonald ,female,88
Liam Neeson ,male,99
Tommy Stevens ,male,98
Leila Hatami ,female,98
Garry Harris ,male,98
Yun Junghee ,male,51
Eddie Bocanegra ,male,98
André Wilms ,male,99
Ed Wolf ,male,98
Gaspar Galaz ,male,97
Tom Wolfe ,male,99
Tom Cruise ,male,99
Dominique Baffier ,male,57
Koji Yakusho ,male,98
Owen Wilson ,male,98
Paul Giamatti ,male,99
Jake Gyllenhaal ,male,98
Zoé Héran ,female,94
Pina Bausch ,female,94
Tom Cullen ,male,99
Adepero Oduye ,,
Christine Bottomley ,female,98
Igor Sergeev ,male,99
Kevin Clash ,male,99
Lubna Azabal ,female,97
Ayrton Senna ,male,98
Joyce McKinney ,female,97
Michael Lonsdale ,male,99
Richard Lopez ,male,99
James McAvoy ,male,99
Jim Cummings ,male,99
Giuseppe Fuda ,male,99
Stellan Skarsgard ,male,93
Wagner Moura ,male,98
Johnny Depp ,male,99
Roger Corman ,male,99
Ye Liu ,male,75
Gilles Lellouche ,male,99
Stokely Carmichael ,male,82
Steve Coogan ,male,99
Buck Brannaman ,male,93
Q-Tip  ,female,62
Craig Roberts ,male,100
Thanapat Saisaymar ,male,96
Josiane Balasko ,female,98
Luis Tosar ,male,99
Emile Abossolo-M'bo ,male,94
Mia Wasikowska ,female,97
Jacob Wysocki ,male,99
Eddie Redmayne ,male,98
Demian Bichir ,male,98
Bobby Fischer ,male,97
Martina Gusman ,female,99
Chris Evans ,male,93
Patsha Bay ,,
Nikohl Boosheri ,female,100
Mélanie Thierry ,female,98
Agnes Kittelsen ,female,98
Alan Tudyk ,male,99
Chris Hemsworth ,male,93
Adriano Luz ,male,99
Peter Mullan ,male,99
Antonio Banderas ,male,99
Elia Suleiman ,male,61
Glenn Erland Trosterud,male,98
Tom Hanks ,male,99
Jay Baruchel ,male,93
Hailee Steinfeld ,female,99
Vik Muniz ,male,81
Tahar Rahim ,male,97
Changua Zhang ,,
James Franco ,male,99
Dan Kearney ,male,97
Banksy  ,male,94
Jennifer Lawrence ,female,98
Shahir Kabaha ,male,100
Hye-ja Kim ,male,64
Christian Bale ,male,99
Jim Broadbent ,male,99
Michael Stephenson ,male,99
Leonardo DiCaprio ,male,99
Negar Shaghaghi ,female,98
Edgar Ramirez ,male,99
Mandy Moore ,female,96
Katie Jarvis ,female,99
Rowan McNamara ,male,69
Joan Rivers ,male,56
Soledad Villamil ,female,98
Giovanna Mezzogiorno ,female,97
Sylvie Testud ,female,98
Jean-Claude Donda ,male,99
Christos Stergioglou ,male,99
Venise du Bois,female,93
Eliot Spitzer ,male,97
Jorge Machado ,male,99
Yoav Donat ,male,99
Onni Tommila ,male,87
Brian Murray ,male,99
Donna Cutugno ,female,98
Ryan Reynolds ,male,99
Louis-Do de Lencquesaing,male,94
Jakob Cedergren ,male,99
Isabelle Huppert ,female,98
Robert Duvall ,male,99
Emir Kusturica ,male,97
Steve Evets ,male,99
Dr. Albert C.,,
Kelly O'Neill ,female,88
Riz Ahmed ,male,83
Michael Duchaussoy ,male,99
Benno Fürmann ,male,99
Song Kang-ho ,male,74
Gemma Arterton ,female,98
Nev Schulman ,male,79
Vincent Lindon ,male,99
Will Ferrell ,male,97
Andy Garcia ,male,95
Patricia Clarkson ,female,98
Jacques Perrin ,male,98
Michael Douglas ,male,99
Aaron Taylor-Johnson ,male,99
Naomi Watts ,female,98
Valerie Plame Wilson,female,97
Lena Dunham ,female,98
Grigoriy Dobrygin ,male,100
Ryan Kwanten ,male,99
Adrien Brody ,male,98
Émilie Dequenne ,female,97
Jean Dujardin ,male,89
Emma Thompson ,female,91
Edward Asner ,male,99
Steve Lips Kudlow,male,99
Rafi Nabzaada ,male,85
Carey Mulligan ,female,57
Alison Lohman ,female,93
Sharlto Copley ,,
Tom Hollander ,male,99
Reza Naji ,male,97
John Ahern ,male,99
Johannes Krisch ,male,99
Gabourey Sidibe ,,
Brad Pitt ,male,100
Eric Schlosser ,male,99
Richard O'Barry ,male,99
Askhat Kuchinchirekov ,male,100
Daniel Ellsberg ,male,99
Perry Benson ,male,91
Red West ,male,79
Pablo Fajardo ,male,99
Teruyuki Kagawa ,male,100
Charles Berling ,male,98
Noah Cyrus ,male,96
Norman Lear ,male,99
Catalina Saavedra ,female,96
Baayork Lee ,,
Tony Leung Chiu,male,99
Toni Servillo ,male,86
Maria Heiskanen ,female,97
Daniel Radcliffe ,male,99
Robin Williams ,male,75
Daniel Craig ,male,99
Michael Nyqvist ,male,99
Yolande Moreau ,female,98
Paulina Gaitan ,female,96
Bill Hader ,male,97
Anika Noni Rose,female,97
Colin Firth ,male,99
Zac Efron ,male,98
Russell Crowe ,male,99
Gianni Di Gregorio,male,99
Christian Friedel ,male,99
Mike Tyson ,male,99
Katie Featherston ,female,99
Nisreen Faour ,female,99
Jocelin Donahue ,male,55
James Earl Jones,male,99
Hee Yeon Kim,male,55
Wayne McGregor ,male,99
Sophie Okonedo ,female,98
Clint Eastwood ,male,99
Anna Wintour ,female,98
James Brown (II),male,99
Stephen McHattie ,male,99
Ok-bin Kim ,male,85
Michael Jai White,male,99
Colin Beavan ,male,99
Mark Duplass ,male,99
Alyson Michalka ,female,85
Stéphane Aubier ,male,98
Jack White ,male,97
Masahiro Motoki ,male,100
Joshua M. Harris,male,100
Melissa George ,female,98
Thora Birch ,female,65
Charles Clover ,male,98
Mickey Rourke ,male,79
Philippe Petit ,male,99
Ben Burtt ,male,97
Kåre Hedebrant ,male,99
Dev Patel ,male,97
Hiroshi Abe ,male,99
Frank Langella ,male,99
Ari Folman ,male,77
Huang Wei ,male,62
Alex Descas ,male,92
Mark Smelly Bell,male,99
Kimberly Rivers Roberts,female,98
Agnès Varda ,female,98
Alejandro Polanco ,male,99
Salvatore Ruocco ,male,99
Venkatesh Chavan ,male,100
Algenis Perez Soto,male,98
Phillip Adams ,male,99
John Travolta ,male,99
David Bagby ,male,99
Ron Perlman ,male,99
Nadine Labaki ,female,98
Micheal J. Smith,male,98
Greg Kinnear ,male,99
Melissa Leo ,female,98
Matt Boren ,male,100
Nicolas Cazale ,male,99
Anne Hathaway ,female,98
Jack Black ,male,97
Joan Chen ,male,56
Colin Farrell ,male,99
Mick Jagger ,male,98
David M. Walker,male,99
Hunter S. Thompson,male,96
Luke Ford ,male,99
Sarah Adler ,female,98
Joaquin Phoenix ,male,99
Javier Bardem ,male,99
Tadanobu Asano ,male,100
Arta Dobroshi ,female,80
Scoot McNairy ,male,95
Jean-Claude Van Damme,male,99
Oshri Cohen ,male,100
Martina Gedeck ,female,99
Roman Polanski ,male,98
Jim Sturgess ,male,99
Freddie Highmore ,male,95
Lizzy Caplan ,female,97
Hank Azaria ,male,99
Jim Carrey ,male,99
Ed Harris ,male,98
Maggie Cheung ,female,99
Ivan Barnev ,male,99
Kate Beckinsale ,female,98
Elmar Wepper ,male,98
Javal Davis ,male,89
Nina Hoss ,female,98
Abigail Breslin ,female,98
Steve Zissis ,male,99
Ezra Miller ,male,86
Tomas Young ,male,99
Yavuz Bingöl ,male,96
Pauline Acquart ,female,96
Ryo Kase ,male,97
Adrian Alonso ,male,98
Hannah Bailey ,female,99
Edward Norton ,male,99
Manie Malone ,male,65
Sarah Kazemy ,female,98
Patton Oswalt ,male,92
Lambert Wilson ,male,90
Gisèle Casadesus ,female,97
Joachim Rafaelsen ,male,99
Tyler Labine ,male,97
Natalie Portman ,female,98
Maria João Bastos,female,97
Marisa Paredes ,female,98
Saleh Bakri ,male,98
Glenn Erland Tosterud,male,98
Tim Allen ,male,99
Gerard Butler ,male,98
Helena Bonham Carter,female,99
William Ackman ,male,99
Fabio Ghivelder ,male,99
Niels Arestrup ,male,99
Suqin Chen ,female,100
Amber Tamblyn ,female,97
Lamonta Caldwell ,,
John Hawkes ,male,99
Ibrahim Ferrer ,male,97
Ruth Sheen ,female,98
Darren Ewing ,male,99
Joseph Gordon-Levitt ,male,99
Ashkan Koshanejad ,male,99
Alexander Scheer ,male,99
Zachary Levi ,male,100
Dannie Tillman ,male,51
Michael Fassbender ,male,99
Marissa Gibson ,female,97
Kathy Griffin ,female,98
Guillermo Francella ,male,99
Fabrizio Costella ,male,99
Chloë Grace Moretz,female,98
Eilidh Rankin ,female,99
Michelle Valley ,female,97
Evan McGuire ,male,97
Joseph Bruno ,male,99
Roberta Palombini ,female,96
Jorma Tommila ,male,97
Karen Schweiger ,female,96
Penn Badgley ,male,72
Ivana Miño ,female,97
Chiara Caselli ,female,99
Amanda Peet ,female,98
Lene Maria Christensen,female,98
Mary Elizabeth Winstead,female,98
Christopher Lambert ,male,99
Anthony Hayes ,male,99
Diane Kruger ,female,98
Eric Cantona ,male,99
John Street ,male,99
Shane Curry ,male,93
Arsher Ali ,male,100
Jonah Hill ,male,91
Vincent Cassel ,male,99
Florian Lukas ,male,99
Lee Byung-hun ,male,82
Flavio Parenti ,male,99
Martin Compston ,male,98
Angela Wesselman-Pierce ,female,98
Sandrine Kiberlain ,female,98
Sean Penn ,male,99
Mark Wahlberg ,male,99
Julianna Margulies ,female,98
Bob Hoskins ,male,97
Alexander Siddig ,male,99
Pierce Brosnan ,male,94
Cécile De France,female,98
Susan Sarandon ,female,98
Nicolas Cage ,male,99
Annette Bening ,female,98
Valerine Plame Wilson,female,100
Laurie Simmons ,female,95
Kerry Washington ,female,75
Sergei Puskepalis ,male,99
Steve Bisley ,male,99
Sarah Polley ,female,98
Catherine Deneuve ,female,98
Louise Monot ,female,97
Slash  ,male,94
Rafi Naabzada ,male,85
Justin Long ,male,98
David James ,male,99
Peter Capaldi ,male,99
Maryam Akbari ,female,98
Pat Connolly ,male,61
Irina Potapenko ,female,98
Mo'Nique  ,female,98
Mélanie Laurent ,female,98
Michael Pollan ,male,99
Simon Hutchins ,male,98
Samal Yeslyamova ,male,52
Jesse Eisenberg ,male,93
Maggie Gyllenhaal ,female,99
Patricia Marx Ellsberg,female,98
Thomas Turgoose ,male,99
Souleymane Sy Savane,male,98
Richard Kind ,male,99
Luis Yanza ,male,99
Kyôko Koizumi ,,
Juliette Binoche ,female,97
Yuria Nara ,female,89
Timothy Spall ,male,99
Maja Ostaszewska ,female,97
Dominique McElligott ,male,57
Viola Harris ,female,97
Claudia Celedón ,female,98
Ali Suliman ,male,94
Donna McKechnie ,female,98
Liam Cunningham ,male,99
Takeshi Kaneshiro ,male,99
Anna Bonaiuto ,female,98
Jesper Christensen ,male,99
Sam Worthington ,male,85
Emma Watson ,female,91
Daryl Sabara ,male,94
Zooey Deschanel ,female,95
Noomi Rapace ,female,74
Edgar Flores ,male,99
Anna Faris ,female,98
Bruno Campos ,male,99
Julianne Moore ,female,99
Claire Danes ,female,98
Ben Affleck ,male,97
Eva Mendes ,female,98
Drew Barrymore ,male,96
Gianni Di Venanzo,male,99
Ulrich Tukur ,male,98
Mills Lane ,male,74
Micah Sloat ,male,86
Melkar Muallem ,,
Kim Song Hee,female,68
Kevin Corrigan ,male,99
Aurelie Dupont ,female,97
Abbie Cornish ,female,94
Alice Krige ,female,98
Bee Vang ,female,64
Ed Helms ,male,98
Grace Coddington ,female,96
Scott Bakula ,male,100
Miriam Makeba ,female,98
Blanca Portillo ,female,98
Lisa Houle ,female,98
Shin Ha-Gyun ,male,79
Obba Babatundé ,male,93
Michelle Conlin ,female,97
Joshua Leonard ,male,100
Gaelan Connell ,male,90
Matt Damon ,male,100
Jeanne Balibar ,female,97
Robert Plant ,male,99
Ryoko Hirosue ,female,93
Jason Calacanis ,male,99
Michael Dorman ,male,99
William Black ,male,99
Rupert Friend ,male,98
Callum Roberts ,male,99
Heath Ledger ,male,97
Marisa Tomei ,female,98
Alan Welner ,male,99
Elissa Knight ,female,97
Lina Leandersson ,female,97
Terrence Howard ,male,99
Emile Hirsch ,male,94
Freida Pinto ,female,97
Yui Natsukawa ,female,85
Ron Ben-Yishai ,male,99
Franck Keita ,male,99
Gregoire Colin ,male,97
Mike Mad Dog Bell,male,99
Scott Roberts ,male,100
André Lubrano ,male,99
Alexis Zegerman ,male,77
Isamar Gonzales ,female,96
Salvatore Cantalupo ,male,99
Jhangir Badshah ,male,100
Alina Vargas ,female,98
Phil Adams ,male,98
Emily Mortimer ,female,98
Malcolm McDowell ,male,99
Kathleen Bagby ,female,99
Yasmine Al Massri,female,98
Jim Myron Ross,male,99
Haaz Sleiman ,male,86
Téa Leoni ,female,97
Misty Upham ,female,97
Elsa Zylberstein ,female,98
Ken Jacobs ,male,98
Clotilde Hesme ,female,98
Walter Dalton ,male,97
Rosemarie DeWitt ,female,98
Liping Lu ,female,81
Kristen Bell ,female,97
The Rolling Stones,male,87
Robert Bixby ,male,99
Anita Thompson ,female,98
Thure Lindhardt ,male,93
Rhys Wakefield ,male,98
Nikol Leidman ,female,94
Gwyneth Paltrow ,female,98
Penelope Cruz ,female,98
Honglei Sun ,male,82
Jérémie Renier ,male,99
Sara Simmonds ,female,98
Frances McDormand ,female,94
François Damiens ,male,99
Itay Tiran ,male,100
Moritz Bleibtreu ,male,99
Shia LaBeouf ,female,64
Philip Seymour Hoffman,male,99
Douglas Dalton ,male,99
Mary-Louise Parker ,female,100
Eriq Ebouaney ,male,100
Jessica Lucas ,female,98
Saffron Burrows ,female,90
Seann William Scott,male,89
Viggo Mortensen ,male,97
Leslie Cheung ,female,81
Oldrich Kaiser ,male,99
Matt Dillon ,male,100
Hannelore Elsner ,female,98
Ken Davis ,male,98
Christian Redl ,male,99
Chris O'Donnell ,male,93
Amy Adams ,female,98
Ross Partridge ,male,91
Kat Dennings ,female,95
Rubén Ochandiano ,male,99
Cate Blanchett ,female,98
Patrick Bruel ,male,99
Jeremy Allen White,male,99
Brie Townsend ,female,92
Hatice Aslan ,female,96
Morgan Freeman ,male,63
Ben Kingsley ,male,97
Bérénice Bejo ,female,97
Ayako Fujitani ,female,98
Benoît Magimel ,male,99
Kate del Castillo,female,98
Olga Kurylenko ,female,98
Colin Clemens ,male,99
Liv Tyler ,female,90
Maxime Gaudette ,male,98
Richard Williams ,male,99
Peter Tory ,male,99
Damon Hall ,male,99
Alex Esmail ,male,92
Jack Boulter ,male,97
Nazareno Timpano ,male,98
Benjamin Helstad ,male,99
Sandro Rocha ,male,98
Jeremy Irons ,male,99
Joe Dante ,male,97
Hideo Nakaizumi ,male,100
Gérard Lanvin ,male,98
Jean-Claude Carriere ,male,99
Angela Davis ,female,98
Claire Keelan ,female,98
Betty Staley ,female,98
Laurence Fishburne ,female,90
Phife Dawg ,male,100
Anne Heche ,female,98
Joel Courtney ,male,99
Sakda Kaewbuadee ,male,99
Togo Igawa ,male,90
Karra Elejalde ,female,57
Andy Serkis ,male,95
Youssouf Djaoro ,male,97
Jamie Bell ,male,62
Bridger Zadina ,male,93
Goran Visnjic ,male,99
Kenneth Branagh ,male,99
Ryan Phillippe ,male,99
Dolores Heredia ,female,98
Susan Polgar ,female,98
José Luis Arias,male,98
Nick Nolte ,male,98
Hoji Fortuna ,male,92
Reza Sixo Safai,male,97
Grégoire Leprince-Ringuet ,male,98
François-Xavier Demaison ,male,98
Fabrice Luchini ,male,98
Maibritt Saerens ,female,100
Katrina Bowden ,female,98
Anthony Hopkins ,male,99
Ricardo Pereira ,male,99
Olivia Colman ,female,97
Samar Qudha Tanus,female,80
Tomas Alf Larsen,male,99
Joan Cusack ,male,56
Justin Timberlake ,male,98
Craig Ferguson ,male,100
Geoffrey Rush ,male,99
Daniel Alpert ,male,99
Sebastiao Carlos Dos,male,99
Adel Bencherif ,male,95
Qin Zhang ,female,64
Kate Mara ,female,98
Jon Hamm ,male,99
Guy Pearce ,male,98
Kevin Rice ,male,99
Thierry Guetta ,male,98
Kevin Breznahan ,male,99
Ibrahim Frege ,male,97
Jin Goo ,male,72
George Hardy ,male,99
Hamed Behdad ,male,98
Nora von Waldstatten,female,97
Donna Murphy ,female,98
Richard Tillman ,male,99
Rebecca Griffiths ,female,99
Mitjili Napanangka Gibson,,
Joy Browne ,female,79
Javier Godino ,male,99
Filippo Timi ,male,99
Bruno Todeschini ,male,99
Paul Bandey ,male,99
Angeliki Papoulia ,female,97
Mick Lally ,male,98
Faith Wladyka ,female,89
Ken Langone ,male,98
Natan Machado Palombini,male,98
Dianne Wiest ,female,99
Rosario Dawson ,male,64
Ilmari Järvenpää ,male,100
Joshua Zeman ,male,100
Amanda Bynes ,female,98
Jose Luis Garcia-Perez,male,97
Manelle Driss ,female,96
Oliver Platt ,male,98
Kim Bodnia ,female,68
Kieran Culkin ,male,98
Nicolas Duvauchelle ,male,99
Sissy Spacek ,female,92
Kim Cattrall ,female,68
David Roberts ,male,99
Guillaume Canet ,male,99
Stephanie Bishop ,female,98
Russell Brand ,male,99
Richard H. Glanton,male,99
Stephen Rea ,male,99
Nigel Lindsay ,male,99
Jung Woo-sung ,male,71
Edoardo Gabbriellini ,male,99
Eddie Marsan ,male,98
Ariel Schulman ,male,74
Bruce McGill ,male,99
Steven Strait ,male,99
Miranda Richardson ,female,95
Elena Anaya ,female,98
Lancelot Perrin ,male,99
Gérard Depardieu ,male,98
Danny DeVito ,male,94
Christopher Mintz-Plasse ,male,99
Rolf Mowatt-Larssen ,male,99
Grace Dunham ,female,96
Don Cheadle ,male,98
Jamie Hector ,male,62
Igor Chernevich ,male,99
Tom E. Lewis,male,99
Delphine Chaneac ,female,98
Michel Blanc ,male,97
Alex Lutz ,male,92
Rhys Ifans ,male,98
Jordan Nagai ,male,88
Brian Geraghty ,male,99
Leonard Nimoy ,male,98
Robb Reiner ,male,99
Lima Sahar ,female,54
Alfred Molina ,male,98
David Paymer ,male,99
Jason Schwartzman ,male,99
Anna Kendrick ,female,98
Vanessa Haywood ,female,98
James Gandolfini ,male,99
Schabnam Akhlaghi ,female,80
John Sweet ,male,99
Ursula Strauss ,female,98
Paula Patton ,female,98
Christoph Waltz ,male,99
Gary Hirschberg ,male,99
Mandy-Rae Cruickshank ,female,95
Samal Esljamova ,male,52
Beth Grant ,female,99
Richard Falk ,male,99
Piotr Jagiello ,male,99
Carmen Levya ,female,98
Fred Melamed ,male,96
Germán Yáñez ,male,100
Barry Humphries ,male,98
Yu Koyanagi ,male,63
Colm Meaney ,male,99
Artur Zmijewski ,male,99
Matt Berry ,male,100
Gary David Goldberg,male,99
Andrea García-Huidobro ,female,54
Rona Lipaz-Michael ,female,87
Sue O'Malley ,female,98
Charlotte D'Amboise ,female,96
Samantha Morton ,female,98
Stuart Graham ,male,99
Fengyi Zhang ,male,77
Giulio Bosetti ,male,99
Mikael Persbrandt ,male,99
Sigourney Weaver ,female,93
Rupert Grint ,male,98
Alexie Gilmore ,female,78
Geoffrey Arend ,male,99
Christopher Plummer ,male,99
Lena Endre ,female,98
Anne Bennent ,female,98
Kristyan Ferrer ,male,93
James Caan ,male,99
Keith David ,male,98
Matthew Goode ,male,100
Christian McKay ,male,99
Val Kilmer ,female,68
Juliette Lewis ,female,97
Grazia Cesarini Sforza,female,98
Rashida Jones ,female,97
Leonie Benesch ,female,98
Trevor Berbick ,male,99
Mark Fredrichs ,male,99
Hiam Abbass ,female,80
Mary Woronov ,female,98
George Fenton ,male,99
Lee Soo Ah,male,82
Marcia Jean Kurtz,female,97
Benjamin Pech ,male,99
Paul Schneider ,male,99
Ahney Her ,,
Andre Leon Talley,male,97
Joel McHale ,male,99
Bill Withers ,male,97
José Luis Gómez,male,98
Georgina Reilly ,female,98
Kim Hae-suk ,female,68
Kevin Chapman ,male,99
Isabella Beavan ,female,98
Alycia Delmore ,female,98
Scott Porter ,male,100
Tony Kgoroge ,male,99
Chris Messina ,male,93
Nicolas Buysse ,male,99
Jimmy Page ,male,98
Tsutomu Yamazaki ,male,100
Jason McCabe Calacanis,male,99
Rachael Carpani ,female,98
Paul Bettany ,male,99
Benicio Del Toro,male,97
Jeffrey Hutchings ,male,100
Evan Rachel Wood,male,97
Annie Allix ,female,98
Jeff Garlin ,male,99
Per Ragnar ,male,97
Jeff Bridges ,male,99
Madhur Mittal ,male,94
Kevin Bacon ,male,99
Roni Dayag ,male,85
François Bégaudeau ,male,99
Mati Diop ,male,66
Rosemary Bell ,female,98
Brian Nobles ,male,99
Blaise Fournier ,male,96
Rob Sowulski ,male,99
Gianfelice Imparato ,male,100
Ayesha Mohan ,female,98
Russell Boyd ,male,99
Mark Walton ,male,99
Heather Arnold ,female,99
Doug Jones ,male,100
Yasmine Al Masri,female,98
JimMyron Ross ,,
Danai Gurira ,male,56
Ricky Gervais ,male,98
Charlie McDermott ,male,85
Serge Hazanavicius ,male,98
Flo Jacobs ,male,68
Daniel Duval ,male,99
Bill Irwin ,male,97
Lu Liping ,female,66
Jean-Paul Roussillon ,male,98
Mila Kunis ,female,93
Keith Richards (II),male,98
Diane Rehm ,female,98
Jimmy Carter ,male,98
Peter Mogge Mygind,male,99
Toni Collette ,male,86
Gera Sandler ,male,73
Vinessa Shaw ,female,79
Khulan Chuluun ,female,97
Fabrizio Rongione ,male,99
Brian McGuire ,male,99
John Malkovich ,male,99
Anne Paulicevich ,female,98
Eli Eltonyo ,female,61
Johanna Wokalek ,female,98
Roger Gunson ,male,99
Natalie Press ,female,98
Sarah Bolger ,female,98
Paula Arundell ,female,98
T.J. Miller ,,
Richard Lintern ,male,99
Bobb'e J. Thompson,male,60
Dylan Baker ,male,98
Carol Burnett ,female,97
Renée Zellweger ,female,96
Tony Leung Ka,male,99
Ivan Barnov ,male,99
Angela Bassett ,female,98
Aya Irizuki ,female,94
Tony Díaz ,male,99
Julia Ormond ,female,97
Shirley Henderson ,female,98
Elise Muller ,female,97
Alexis Dziena ,male,77
Rodrigo Santoro ,male,99
Jason Flemyng ,male,99
Ludivine Sagnier ,female,97
Nathan Young ,male,99
Ahmet Rifat Sungar,male,94
Angelina Jolie ,female,97
Louise Blachère ,female,97
Aure Atika ,female,51
Ayumi Ito ,female,95
Mathilda May ,female,97
Isla Fisher ,female,84
Eugenio Derbez ,male,99
Mathieu Amalric ,male,99
Mitch Reinholt ,male,90
Tim Roth ,male,99
Timothée Chalamet ,male,98
Meryl Streep ,female,91
Lesley Manville ,female,87
Sebastian Stan ,male,99
Sana Jammelieh ,female,88
Francisco Reyes ,male,99
Idris Elba ,male,97
Morcsányi Géza ,,
Adel Karam ,male,95
Samantha Power ,female,98
Ryûnosuke Kamiki ,,
Rosamund Pike ,female,100
Selma Blair ,female,97
Vera Farmiga ,female,98
Michael Shannon ,male,99
Domhnall Gleeson ,male,100
Kaya Scodelario ,male,84
Pablo Schreiber ,male,99
Angus Sampson ,male,96
Jahi Di'Allo Winston,male,90
Alek Skarlatos ,male,92
Jessica Rothe ,female,98
Gugu Mbatha-Raw ,female,63
Jamie Dornan ,male,62
Allison Williams ,female,95
Zoe Kazan ,female,95
Laurie Metcalf ,female,95
Tom Glynn-Carney ,male,99
Gael García Bernal,male,93
Chris Pine ,male,93
Patrick Stewart ,male,99
Kevin Spacey ,male,99
Tom Hiddleston ,male,99
Valeria Cotto ,female,98
Woody Harrelson ,male,95
Michael Keaton ,male,99
Octavia Spencer ,female,94
Shahab Hosseini ,male,98
Zach Galifianakis ,male,100
Nick Offerman ,male,98
Seth Rogen ,male,99
Alec Secareanu ,male,89
Harrison Ford ,male,99
Jason Clarke ,male,99
Arnaud Valois ,male,98
Yoko Maki ,female,76
David Lynch ,male,99
Eero Milonoff ,male,99
Haley Lu Richardson,female,97
Rooney Mara ,male,95
Michael Sinterniklaas ,male,99
Ruben Niborski ,male,99
Benny Safdie ,male,94
Emmanuel Garijo ,male,99
Javier Cámara ,male,99
Megumi Han ,female,95
Maria-Victoria Dragus ,female,100
Hayley Squires ,female,99
Gilbert Gottfried ,male,98
Jaeden Lieberher ,male,81
John Leguizamo ,male,99
Tatiana Maslany ,female,98
Ben Stiller ,male,97
Zoe Saldana ,female,95
Jennifer Ehle ,female,98
Itzik Cohen ,male,100
Steve Carell ,male,99
Okay Kaya ,male,94
Felicity Jones ,female,97
Elle Fanning ,female,92
Ella Rumpf ,female,97
Kristin Scott Thomas,female,98
Elizabeth Olsen ,female,99
Gemma Whelan ,female,98
Tom Holland (II),male,99
Soma Chhaya ,female,65
Christopher Fairbank ,male,99
Bill Nighy ,male,97
Tiffany Haddish ,female,98
Pamela Flores ,female,98
Anthony Mackie ,male,99
Ernst Stötzner ,male,98
Mikkel Boe Følsgaard,male,99
Don Johnson ,male,98
Ethan Hawke ,male,99
Simone Baker ,male,67
Hany Adel ,male,92
Miles Teller ,male,92
Lior Ashkenazi ,male,86
Rebecca Hall ,female,99
Paul Dano ,male,99
Sakari Kuosmanen ,male,87
Geena Davis ,female,97
André Holland ,male,99
Jason Bateman ,male,99
Jeremy Renner ,male,99
Emma Stone ,female,91
Michelle Williams ,female,97
Neel Sethi ,male,93
Albert Brooks ,male,98
Dwayne Johnson ,male,99
Robert Downey Jr.,male,99
Golshifteh Farahani ,,
André Marcon ,male,99
Charlize Theron ,female,91
Chloë Sevigny ,female,98
Viola Davis ,female,97
Ryan Gosling ,male,99
Huma Abedin ,female,92
Gillian Jacobs ,female,94
Ralph Ineson ,male,99
Blair Jackson ,male,58
Alan Rickman ,male,99
Lucy Boynton ,female,98
Tilda Swinton ,female,95
Ha Jung-woo ,female,53
Youko Honna ,female,84
Jung-min Hwang ,male,67
Alexis Neblett ,male,77
Avin Manshadi ,male,74
Brionne Davis ,female,64
John Goodman ,male,99
Yoo Gong ,male,71
Hamid Farrokhnezhad ,male,98
Sandra Hüller ,female,98
Michael Barbieri (II),male,99
Julia Bernat ,female,97
Peter Sarsgaard ,male,99
Ruth Negga ,female,98
Diego Luna ,male,99
Laurent Lafitte ,male,97
Jenjira Pongpas ,female,98
Olivia Grace Applegate,female,97
Lupita Nyong'o ,female,98
Ringo Starr ,male,94
Toma Cuzin ,male,65
James Rolleston ,male,99
Lawrence Krauss ,male,98
Corey Booker ,male,94
Michel Fau ,male,97
Ron Asheton ,male,99
Brian Vokes ,male,99
Laura Waddell ,female,98
Theódór Júlíusson ,male,100
Aaron Eckhart ,male,99
Imogen Poots ,female,97
Kristen Stewart ,female,97
Yumi Jung ,female,96
George Clooney ,male,99
Agata Buzek ,female,98
Parker Sawyers ,male,92
Philippe Katerine ,male,99
Feodor Atkine ,male,96
Andy Boswell ,male,95
Aisholpan Nurgaiv ,female,75
Rachel Weisz ,female,98
Kaho  ,male,50
Mackenzie Foy ,female,84
Teresa Palmer ,female,98
Dakota Johnson ,male,68
Robert Redford ,male,99
Morena Baccarin ,female,96
Hugh Grant ,male,99
Bahar Pars ,female,94
Dylan Minnette ,male,98
Zachary Quinto ,male,100
Yi Zhang ,male,62
Tyler Hoechlin ,male,97
Gene Cernan ,male,56
Søren Malling ,male,100
Min-hee Kim ,female,80
Yutaka Matsushige ,male,99
Christopher Lloyd ,male,99
Cedric the Entertainer,male,99
Richard A. Clarke,male,99
Eric Vale ,male,99
Charles Skoller ,male,98
Amy Poehler ,female,98
Carmen Ejogo ,female,98
John Boyega ,male,99
Keir Gilchrist ,male,96
Sylvester Stallone ,male,98
John Sparkes ,male,99
Jacob Tremblay ,male,99
Jessica Chastain ,female,98
Levente Molnár ,male,99
Tom Courtenay ,male,99
Sally Hawkins ,female,97
Jason Statham ,male,99
Toulou Kiki ,male,83
Ayberk Pekcan ,male,96
Yasiin Bey ,male,95
Menasheh Noy ,,
Ronald Zehrfeld ,male,99
James Ransone ,male,99
Taika Waititi ,female,76
Kimball Gallagher ,male,90
Mark Rylance ,male,99
Oscar Isaac ,male,99
Geetanjali Kulkarni ,female,98
Carl Apfel ,male,98
Lucia McBath ,female,98
Courtney Love ,female,92
M.Y. Basrun ,,
David Thewlis ,male,99
Leonardo Sbaraglia ,male,99
François Truffaut ,male,99
Sean Harris ,male,99
Isabella Rossellini ,female,98
Alexander Skarsgård ,male,99
Hussein Salameh Al-Sweilhiyeen,male,98
Regina Casé ,female,98
Lou Reed ,female,61
Elizabeth Banks ,female,99
Lindsay Karamoh ,female,94
Vladislav Tretiak ,male,99
Julia Garner ,female,97
William F. Buckley,male,99
Wim Wenders ,male,99
Kodi Smit-McPhee ,male,65
Rebecca Henderson ,female,99
Laura Dern ,female,98
Mark Rathbun ,male,99
Kate Winslet ,female,98
Maria Alexandra Lungu,female,97
Clara Furey ,female,97
Lu Horta ,female,66
Jason Segel ,male,99
Andrew Sensenig ,male,99
Sidse Babett Knudsen,female,90
Brian Wilson ,male,99
Martin Starr ,male,98
Abraham Attah ,male,99
Corey Hawkins ,male,94
Sebastián Aguirre ,male,100
Cat Power ,female,87
Elaine Brown ,female,98
Katherine Waterston ,female,99
Laura Linney ,female,98
Alex Jennings ,male,92
Cristina Calderon ,female,98
Nanako Matsushima ,female,96
Hadley Belle Miller,female,53
Charlotte Le Bon,female,96
Giuseppe Fumo ,male,99
Lou de Laâge,female,61
Kiersey Clemons ,,
Antoine Olivier Pilon,male,99
Cynthia Nixon ,female,98
Lili Simmons ,female,94
Nobuyuki Katsube ,male,99
Sándor Zsótér ,male,99
Patricia Arquette ,female,98
Barbara West ,female,98
J.K. Simmons ,,
Rene Russo ,male,92
Chaz Ebert ,male,83
Paul Jesson ,male,99
Elena Liadova ,female,98
Sergio Hernández ,male,99
Tony Revolori ,male,99
Mary Steenburgen ,female,98
H.R. Giger ,,
Jean-Baptiste Phou ,male,99
Liv LeMoyne ,female,90
Agata Trzebuchowska ,female,98
Keira Knightley ,female,96
Bill Binney ,male,97
Devin Ratray ,male,88
Koh Jia Ler,male,78
Arash Marandi ,male,99
Thomas Sadoski ,male,99
Andrea Reinke ,female,54
Harold Prince ,male,99
Samuel L. Jackson,male,99
Bharati Achrekar ,female,97
Pauline Brunner ,female,96
Amanda Langlet ,female,98
Bill Milner ,male,97
Clara Wettergren ,female,97
John Maloof ,male,99
Imelda Staunton ,female,98
Warren Ellis ,male,99
Loungnam Kaosainam ,,
Nima Arkani-Hamed ,male,89
Anish Gandharba ,male,99
Scott Adsit ,male,100
Larry Keith ,male,98
Juan Armando Valdez,male,98
Christophe Paou ,male,98
Gaby Hoffmann ,female,72
Mariam Bokeria ,female,98
Cindy Cohn ,female,98
Lindsay Duncan ,female,94
David Hockney ,male,99
Bogdan Dumitrache ,male,99
Paul Brannigan ,male,99
Leem Lubany ,male,70
Scott Devendorf ,male,100
Leland Orser ,male,98
Liz Eden ,female,98
Matthew Leininger ,male,100
Tom Ammiano ,male,99
Dakota Fanning ,male,68
Christoph Letkowski ,male,99
Ethan Embry ,male,99
Jeremy Morlock ,male,99
Tannishtha Chatterjee ,female,91
Jafar Panahi ,male,99
Arnold Oceng ,male,98
Felicity Montagu ,female,97
Kamel Abdeli ,male,98
Machiko Ono ,female,95
Michael Smiley ,male,99
Maury Sterling ,male,87
Julie Delpy ,female,98
Tye Sheridan ,male,79
Bradley Cooper ,male,99
Lou Adler ,female,61
Waad Mohammed ,female,64
John Jett ,male,99
Jared Leto ,male,99
Ahmed Hassan ,male,98
Melonie Diaz ,female,99
Herman Koto ,male,98
Joe Barresi ,male,97
Will Forte ,male,97
Shaun Thomas ,male,98
Naome Ruzindana ,female,97
Johan Philip Asbæk,male,98
Harry Gulkin ,male,98
Bono  ,male,93
Thomas Bo Larsen,male,99
Geoffrey Cocks ,male,99
Robert H. Harvey,male,99
Mickey Sumner ,male,79
Kai Malina ,male,90
Idina Menzel ,female,95
Daniel Giménez Cacho,male,99
Nick Frost ,male,98
John Waters ,male,99
Shaun White ,male,98
Olivia Wilde ,female,97
Avi Dichter ,male,92
Warren Hern ,male,99
Adèle Exarchopoulos ,female,97
Mary Margaret O'Hara,female,98
Alain Bastien ,male,98
Deborah Mailman ,female,98
Wang Baoqiang ,male,65
Dannis Hackney ,male,90
Carlo Verdone ,male,98
Geneviève Bujold ,female,99
Cristina Flutur ,female,98
Isaach De Bankolé,male,100
James Ball ,male,99
Ty Hickson ,male,87
Salvatore Striano ,male,99
Tom Colicchio ,male,99
Kathleen Hanna ,female,99
Yiftach Klein ,male,100
John Henshaw ,male,99
Shane Carruth ,male,93
Hugh Jackman ,male,99
Alexis Denisof ,male,77
Said Taghmaoui ,male,97
Axel Milberg ,male,98
Onata Aprile ,,
Myles Paige ,male,94
Eileen Davies ,female,99
Ambyr Childers ,female,100
Hamidrez Javdan ,,
Reymonde Amsellem ,female,100
Cosimo Fusco ,male,99
Oz Zehavi ,male,92
Isabelle Fuhrman ,female,98
Alan Arkin ,male,99
Yoshikazu Ono ,male,100
Kara Hayward ,female,65
Donald Pleasence ,male,99
Garance Franke-Ruta ,female,96
Kirby Dick ,male,66
Sophie Nélisse ,female,98
Emmanuelle Riva ,female,97
Thomas Doret ,male,99
Michael Caine ,male,99
Helen Hunt ,female,98
Sally Field ,female,97
Robin McLeavy ,male,75
Huang Hung ,male,62
Eric Clapton ,male,99
Montrail Money Brown,male,67
Terry Kohut ,male,79
Aminath Shauna ,female,98
Anders Borchgrvink ,male,99
Beverly Dollarhide ,female,97
Neville Bunny Wailer',male,98
Ilse Assmann ,female,99
Adam LeWinter ,male,99
Kacey Mottet Klein,female,79
David Siegel ,male,99
Pobo Efekoro ,male,88
Aksel Hennie ,male,95
Soraya Burnat ,female,98
Ulay  ,male,57
Tim Vreeland ,male,99
Edith Scob ,female,97
Shaniqua Benitez ,female,98
Irrfan Khan ,male,100
David Dinkins ,male,99
Jules Fogarty ,male,86
Ohshiro Maeda ,,
Andrei Smirnov ,male,98
Josh Hutcherson ,male,99
Winona Ryder ,female,96
Yilmaz Erdogan ,male,96
Malin Bjørhovde ,female,95
Dreama Walker ,female,92
Sarah Silverman ,female,98
Tucker Albrizzi ,male,96
Lowell Landes ,male,97
Richard Gere ,male,99
Alicia Vikander ,female,98
Zachary Booth ,male,100
Alex Russell ,male,92
Alex Winter ,male,92
Joey Starr ,male,86
Erika Bók ,female,98
Joe Taslim ,male,97
Ben Young ,male,97
Kelby Johnson ,male,70
Te Aho Eketone-Whitu,male,65
Besedka Johnson ,,
Mario Guerra ,male,99
Marina Foïs ,female,98
Jeroen Perceval ,male,99
Irene Azuela ,female,98
Lauren Ambrose ,female,97
Alex Pettyfer ,male,92
Valérie Donzelli ,female,97
Mattias Padin Varela,male,99
Ewan McGregor ,male,98
Denzel Washington ,male,98
Frank Grillo ,male,99
Dave Bing ,male,99
Peyman Moaadi ,male,98
Stephanie Lafarge ,female,98
Lee David ,male,82
Ameena Matthews ,female,98
Kati Outinen ,female,97
John Norwood Fisher,male,99
Paul Boneberg ,male,99
Lautaro Nunez de,male,99
Sacha Baron Cohen,male,66
Jean Clottes ,male,89
Takayuki Yamada ,male,100
Marion Cotillard ,female,95
Amy Ryan ,female,98
Dr. Birute Mary,,
Maya Rudolph ,female,95
Michelle Monaghan ,female,97
Jeanne Disson ,female,97
Regina Advento ,female,98
Chris New ,male,93
Pernell Walker ,male,93
Manjinder Virk ,male,89
Yuriy Tsurilo ,male,100
Whoopi Goldberg ,female,92
Hugh Laurie ,male,99
Shailene Woodley ,female,92
Mélissa Désormeaux-Poulin ,female,97
Sarah Paulson ,female,98
Reginaldo Leme ,male,99
Jackson Shaw ,male,98
Jacques Herlin ,male,98
Michael Perry ,male,99
Jodie Whittaker ,female,95
Bruno Timpano ,male,99
Kristoffer Joner ,male,100
André Mattos ,male,99
Peter Bogdanovich ,male,99
Gao Yuanyuan ,male,64
Roschdy Zem ,male,100
William Shimell ,male,99
Rob Brydon ,male,99
Bibb Frazier ,male,88
A Tribe Called,,
Noah Taylor ,male,96
Garance Le Guillermic,female,96
Gary Oldman ,male,99
Juan Carlos Aduviri,male,98
Djénéba Koné ,female,100
John C. Reilly,male,99
Salma Hayek ,female,97
Matthew McConaughey ,male,100
José Julián ,male,98
Gary Kasparov ,male,99
Carlos Weber ,male,99
Tommy Lee Jones,male,98
Tom Hardy ,male,99
Michael Stuhlbarg ,male,
Brendan Gleeson ,male,
Alison Brie ,female,
Vicky Krieps ,female,
Allison Janney ,female,
Shaden Kanboura ,female,
Luis Gnecco ,male,
Kevin Costner ,male,
Réka Tenki ,female,
Camille Salameh ,female,
Ben Rhodes ,male,
Yuki Amami ,female,
Wes Studi ,male,
Anne Winters ,female,
Patrick Wilson ,male,
Michael Peña ,male,
Sam Neill ,male,
Thomas Sangster ,male,
"O'Shea Jackson, Jr.",male ,
Leigh Whannell ,female,
Danny Glover ,male,
Spencer Stone ,male,
Abby Ryder Fortson,female,
Chris O'Dowd ,male,
Eric Johnson ,male,
Catherine Keener ,female,
Holly Hunter ,female,
Tracy Letts ,female,
Jack Lowden ,male,
Benjamin Bratt,male,
Connie Nielsen ,female,
Boyd Holbrook ,male,
Adam Driver ,male,
Lily James ,female,
Mark Ruffalo ,male,
Bria Vinaite ,female,
Steve Zahn ,male,
Sam Rockwell ,male,
Zendaya  ,female,
Richard Jenkins ,male,
Janelle Monáe ,female,
Babak Karimi ,male,
Michael Cera ,male,
Ellen Page ,female,
Dave Franco ,male,
Gemma Jones ,female,
Ana de Armas,female,
Riley Keough ,male,
Mary J. Blige,female,
Adèle Haenel ,female,
Kirin Kiki ,male,
Ron Livingston ,male,
Oona Airola ,female,
Rory Culkin ,male,
Will Oldham ,male,
Mone Kamishiraishi ,female,
Yoel Weisshaus ,male,
Jennifer Jason Leigh,female,
Jean-Christophe Lie ,male,
Dolores Fonzi ,female,
Yoshimasa Hosoya ,male,
Lia Bugnar ,female,
Dylan McKiernan ,male,
Mel Brooks ,female,
Jeremy Ray Taylor,male,
Bridget Moynahan ,female,
Clancy Brown ,male,
Dustin Hoffman ,male,
Dave Bautista ,male,
Keith Carradine ,male,
Einat Sarouf ,female,
Andrea Riseborough ,female,
Christopher Abbott ,male,
Kaya Wilkins ,male,
Lewis MacDougall ,male,
Greta Gerwig ,female,
Rabah Nait Oufella,male,
Stephen Dillane ,male,
Sarah Wright ,female,
Jon Bernthal ,male,
Kate Dickie ,female,
Robert Pattinson ,male,
Laara Sadiq ,female,
Cosmo Jarvis ,male,
Sam Claflin ,male,
Larenz Tate ,male,
Brontis Jodorowsky ,,
Will Poulter ,male,
Paula Beer ,female,
Louis Hofmann ,male,
Jennifer Carpenter ,female,
Andrew Garfield ,male,
Kari Matchett ,female,
David So ,male,
Hosny Sheta ,male,
Jennifer Connelly ,female,
Michael Sheen ,male,
Bella Heathcote ,female,
Seo-hyeon Ahn ,male,
Janne Hyytiäinen ,male,
Lois Smith ,female,
John Carroll Lynch,male,
Mahershala Ali ,male,
Forest Whitaker ,male,
John Legend ,male,
Ben Foster ,male,
Kyle Chandler ,male,
Bill Murray ,male,
Hayden Rolence ,male,
Temuera Morrison ,male,
Scarlett Johansson ,female,
Barry Shabaka Henley,male,
Roman Kolinka ,male,
Ralph Fiennes ,male,
Xavier Samuel ,male,
Rima Te Wiata,female,
Stephen Henderson ,male,
Angourie Rice ,,
Barbara Morgan ,female,
Mike Birbiglia ,male,
Josephine McAdam ,female,
Aaron Paul ,male,
Jack Reynor ,male,
Rachel McAdams ,female,
Cho Jin-Woong ,male,
Kyra Sedgwick ,female,
Daisy Ridley ,female,
Jun Kunimura ,male,
Makyla Burnam ,female,
Bobby Naderi ,male,
Nilbio Torres ,male,
John Gallagher Jr.,male,
Han Ji-min ,male,
Taraneh Alidoosti ,female,
Michael Wittenborn ,male,
Paulina García ,female,
Humberto Carrão ,male,
Mads Mikkelsen ,male,
Anne Consigny ,female,
Jarinpattra Rueangram ,female,
Trey Edward Shults,male,
Alfredo Castro ,male,
Madina Nalwanga ,female,
John Lennon ,male,
Mihai Comanoiu ,male,
Andrew Grainger ,male,
Kevin Mitnick ,male,
Henry Louis Gates,male,
Christa Theret ,female,
Scott Asheton ,male,
Angela Davies ,female,
Jeffrey Vincent Parise,male,
Charlotte Boving ,female,
Valerie Mahaffey ,female,
Ma Dong-seok ,male,
Agata Kulesza ,female,
Vanessa Bell Calloway,female,
Jean Rochefort ,male,
Thomas Sagols ,male,
John Causby ,male,
Rhys Nurgaiv ,male,
Léa Seydoux ,female,
Masami Nagasawa ,male,
Paul Rudd ,male,
Hugo Weaving ,male,
Matthias Schoenaerts ,male,
Oakes Fegley ,male,
Ed Skrein ,male,
Nicole Kidman ,female,
Simon Helberg ,male,
Johan Widerberg ,male,
Daniel Zovatto ,male,
Anton Yelchin ,male,
Jing Dong Liang,female,
Wyatt Russell ,male,
Alan Bean ,male,
Dar Salim ,male,
Ko Ah-sung ,male,
Shion Shimizu ,male,
Laura Fraser ,female,
Regina Hall ,female,
Eric Chien ,male,
John Swasey ,male,
Michael Farrar ,male,
Nicholas Hoult ,male,
Phyllis Smith ,female,
Tom Wilkinson ,male,
Emory Cohen ,male,
Tessa Thompson ,female,
Omid Djalili ,male,
Joan Allen ,male,
Ving Rhames ,male,
Kristen Wiig ,female,
Urs Rechn ,male,
Geraldine James ,female,
Ben Whishaw ,male,
Rose Byrne ,female,
Layla Walet Mohamed,female,
Bahar Kerimoglu ,female,
Mark Ronson ,male,
Josh Brolin ,male,
Simon Abkarian ,male,
Nina Kunzendorf ,female,
Mya Taylor ,female,
Jonathon Brugh ,male,
Andrew Harvey ,male,
Alan Alda ,male,
Vira Sathidar ,female,
Billy Apfel ,male,
Carolina Davis ,female,
Dave Grohl ,male,
Amir Hasan ,male,
Tom Noonan ,male,
Darío Grandinetti ,male,
David Fincher ,male,
Liv Ullmann ,female,
Christopher Meloni ,male,
Hassan Mutlag Al-Maraiyeh,male,
Michel Joelsas ,male,
Jenni Muldaur ,female,
Joel Edgerton ,male,
Brett Davern ,male,
Karidja Touré ,female,
Viacheslav Fetisov ,male,
Marcia Gay Harden,female,
Gore Vidal ,male,
Juliano Ribeiro Salgado,male,
Ben Mendelsohn ,male,
Halley Feiffer ,female,
David Oyelowo ,male,
Sylvia Taylor ,female,
Sam Louwyck ,male,
Louis Negin ,male,
Marco Aurélio Campos,male,
Lisa Marie ,female,
Eugenia Caruso ,female,
Don Randi ,male,
Sam Elliott ,male,
Colin Quinn ,male,
Emmanuel Nii Adom,male,
Jason Mitchell ,male,
Ilse Salas ,female,
Chan Marshall ,male,
Emory Douglas ,male,
Patrick Fugit ,male,
Milo Parker ,male,
Alan Bennett ,male,
Martin G. Calderon,male,
Hitomi Kuroki ,female,
Alexander Garfin ,male,
Sienna Miller ,female,
Marco Leonardi ,male,
Isabelle Carré ,female,
Suzanne Clément ,female,
"Scott ""Kid Cudi""",male,
Evangeline Lilly ,female,
Matthew Fox ,male,
Shirley Venard ,female,
Lili Monori ,female,
Daniel Henshall ,male,
Will Arnett ,male,
Melissa Benoist ,female,
Raven Evans ,female,
Dorothy Atkinson ,female,
Vladimir Vdovitchenkov ,male,
Diego Fontecilla ,male,
Catherine Salée ,female,
F. Murray Abraham,male,
Chris Foss ,male,
Bill Paxton ,male,
Randal Douc ,male,
Mira Grosin ,female,
Joanna Kulig ,female,
Allen Leech ,male,
Jacob Appelbaum ,male,
Amy Hargreaves ,female,
Yann Yann Yeo,male,
Mozhan Marnò ,female,
Michiel Huisman ,male,
Tyler Perry ,male,
Shelly Shultz ,female,
Cherry Jones ,female,
Anne-Marie Loop ,female,
Gwenaelle Simon ,female,
Andrew Scott ,male,
Vincent Wettergren ,male,
Mary Ellen Mark,female,
Dominic West ,male,
Kylie Minogue ,female,
Thep Pho-Ngam ,male,
America Ferrera ,female,
Fabiola Gianotti ,female,
Bindu Gayek ,female,
Luke Syson ,male,
Kiem Do ,male,
Jeremias Herskowits ,male,
Dylan Moran ,male,
Patrick d'Assumçao ,male,
David Cross ,male,
Brandon Bell ,male,
Taylor Kitsch ,female,
Robert Stadlober ,male,
Ana Nijaradze ,female,
Gabriella Coleman ,female,
Jeff Goldblum ,male,
Willem Dafoe ,male,
Martin Mull ,male,
Alfie Allen ,male,
Florin Zamfirescu ,male,
Sofía Vergara ,female,
Krystof Hádek ,male,
Samer Bisharat ,male,
Gabrielle Union ,female,
Bryan Devendorf ,male,
Lance Reddick ,male,
Luke Wilson ,male,
George Heath ,male,
Aaron Cowan ,male,
John Cho ,male,
Peter Stormare ,male,
James Le Gros,male,
Meret Becker ,female,
David Koechner ,male,
Andrew Holmes ,male,
Anurag Arora ,male,
Maryam Moghadam ,female,
Ger Duany ,male,
Gary Poulter ,male,
Simon Greenall ,male,
Stéphanie Cléau ,female,
Rosie Fellner ,female,
Richard Chevalier ,male,
Julian Barratt ,male,
Nicholas Brendon ,male,
Orto Ignatiussen ,male,
Benedict Cumberbatch ,male,
Seamus Davey-Fitzpatrick ,male,
Kaitlyn Dever ,female,
Sam Shepard ,male,
Merry Clayton ,female,
Barkhad Abdi ,male,
Abdullrahman Algohani ,male,
Carol Ray ,female,
Jennifer Garner ,female,
Magdy Ashour ,male,
Sakhyan Asmara ,male,
Butch Vig ,male,
June Squibb ,female,
Sean Gilder ,male,
Bishop Senyonjo ,male,
Ole Dupont ,male,
Susy Buchan ,female,
Sophie Kennedy Clark,female,
Bob Dylan ,male,
Annika Wedderkopp ,female,
Juli Kearns ,female,
Rob Lowe ,male,
Ushio Shinohara ,female,
Ali Mosaffa ,male,
Nele Trebs ,female,
Jonathan Groff ,male,
Inma Cuesta ,female,
Paddy Considine ,male,
Michael Musto ,male,
Mason Aguirre ,male,
Alexandra Maria Lara,female,
Yuval Diskin ,male,
Susan Robinson ,female,
Salim Kechiouche ,male,
Ela Piplits ,female,
Serge Kanyinda ,male,
Jessica Mauboy ,female,
Jiang Wu ,male,
Yi Huang ,male,
David Hackney ,male,
Sabrina Ferilli ,female,
Rick Roberts ,male,
Valeriu Andriuta ,male,
Yaya DaCosta ,male,
Michael Hayden ,male,
Meeko Gattuso ,male,
Giovanni Arcuri ,male,
Raj Patel ,male,
Joan Jett ,male,
Emmanuelle Seigner ,female,
Irith Sheleg ,female,
Gary Maitland ,male,
Clark Gregg ,male,
Catherine Zeta-Jones ,female,
James Floyd (III),male,
Janet McTeer ,female,
Joanna Vanderham ,female,
Gordon Kindlmann ,male,
Steve Oram ,male,
Margot Robbie ,female,
Rob Corddry ,male,
Hamidreza Javdan ,male,
Reymond Amsellem ,male,
Guido Adorni ,male,
Judi Dench ,female,
Emily Blunt ,female,
Takashi Ono ,male,
Anna Hutchison ,female,
Bruce Willis ,male,
Chips Rafferty ,male,
Mark Harrington ,male,
Kori Cioca ,female,
Emilien Néron ,male,
Robert De Niro,male,
William H. Macy,male,
Jason Baldwin ,male,
David Strathairn ,male,
John Brumpton ,male,
Ai Weiwei ,female,
Steve Winwood ,male,
O.C. Brown ,,
Gary Smith ,male,
Mohamed Aslam ,male,
Malin Crepin ,female,
Nancy Fisher ,female,
Chris Blackwell ,male,
Clarence Avant ,male,
Jeff Orlowski ,male,
Jackie Siegel ,female,
Alexis Paredes ,male,
Eivind Sander ,male,
Mohammed Burnat ,male,
Klaus Biesenbach ,male,
Frecky Vreeland ,male,
Mark Bennett ,male,
Tabu  ,male,
"David Dinkins, Sr.",male,
Joan Sebastian Zamora,male,
Ryôga Hayashi ,male,
Jake Johnson (XVI),male,
Yelena Lyadova ,female,
Liam Hemsworth ,male,
Shirley MacLaine ,female,
Martin Landau ,male,
Virginie Ledoyen ,female,
Taner Birsel ,male,
Henriette Steenstrup ,female,
Martin Scorsese ,male,
Pat Healy ,male,
Jack McBrayer ,male,
Casey Affleck ,male,
Levy Easterly ,male,
Alisa Rosen ,female,
Brie Larson ,female,
Julianne Nicholson ,female,
James Marsden ,male,
Martin Freeman ,male,
Michael B. Jordan,male,
Boaz Davidson ,male,
Mihály Kormos ,male,
Doni Alamsyah ,male,
Neil Young ,male,
Londa Johnson ,female,
Christopher Walken ,male,
Omari Hardwick ,male,
Stella Maeve ,female,
Bebo Valdes ,male,
Barbara Sarafian ,female,
James Russo ,male,
James Rebhorn ,male,
Armand Verdure ,male,
Matt Bomer ,male,
César Desseix ,male,
Dragomir Mrsic ,male,
Channing Tatum ,male,
Billy Connolly ,male,
Kelly Reilly ,female,
Dermot Mulroney ,male,
Crystal Starr ,female,
Jenny Lee Wright,female,
David Lee ,male,
Chris Cooper ,male,
Ricardo Williams ,male,
Jean-Pierre Darroussin ,male,
Flea  ,male,
Daniel Goldstein ,male,
Luis Henriquez ,male,
Carmen Dell'Orefice ,female,
Asa Butterfield ,male,
Simon Pegg ,male,
Jean-Michel Geneste ,male,
Yusuke Iseya ,male,
Bobby Cannavale ,male,
Daphne Sheldrick ,female,
Rory Keenan ,male,
Malonn Lévana ,female,
Malou Airaudo ,female,
Jonathan Race ,male,
Wendell Pierce ,male,
Vanessa Redgrave ,female,
Neil Dudgeon ,male,
Yuliya Aug ,female,
Frank Oz ,male,
Amara Miller ,male,
Tova Stewart ,female,
